{"id":"VariableCollectionId:2:3","name":"Color","modes":{"2:0":"Light","2:1":"Dark"},"variableIds":["VariableID:2:4","VariableID:2:5","VariableID:2:8","VariableID:2:9","VariableID:2:15","VariableID:2:16","VariableID:2:17","VariableID:2:18","VariableID:7:45","VariableID:7:46","VariableID:7:47","VariableID:7:48","VariableID:7:50","VariableID:7:51","VariableID:7:52","VariableID:7:54","VariableID:101:81","VariableID:731:4945","VariableID:102:202","VariableID:873:6801","VariableID:1347:8922","VariableID:764:1599","VariableID:764:1602","VariableID:764:1601","VariableID:764:1600"],"variables":[{"id":"VariableID:2:4","name":"primary","description":"Primary Accent color","type":"COLOR","valuesByMode":{"2:0":{"r":0.003921568859368563,"g":0.48235294222831726,"b":1,"a":1},"2:1":{"r":0.03921568766236305,"g":0.5176470875740051,"b":1,"a":1}},"resolvedValuesByMode":{"2:0":{"resolvedValue":{"r":0.003921568859368563,"g":0.48235294222831726,"b":1,"a":1},"alias":null},"2:1":{"resolvedValue":{"r":0.03921568766236305,"g":0.5176470875740051,"b":1,"a":1},"alias":null}},"scopes":["ALL_SCOPES"],"hiddenFromPublishing":false,"codeSyntax":{"WEB":"Color"}},{"id":"VariableID:2:5","name":"background","description":"Background Cards","type":"COLOR","valuesByMode":{"2:0":{"r":1,"g":1,"b":1,"a":1},"2:1":{"r":0.05098039284348488,"g":0.06666667014360428,"b":0.09019608050584793,"a":1}},"resolvedValuesByMode":{"2:0":{"resolvedValue":{"r":1,"g":1,"b":1,"a":1},"alias":null},"2:1":{"resolvedValue":{"r":0.05098039284348488,"g":0.06666667014360428,"b":0.09019608050584793,"a":1},"alias":null}},"scopes":["ALL_SCOPES"],"hiddenFromPublishing":false,"codeSyntax":{}},{"id":"VariableID:2:8","name":"secondary","description":"Secondary (иконки, бордеры)","type":"COLOR","valuesByMode":{"2:0":{"r":0.15923674404621124,"g":0.35155168175697327,"b":0.6400240659713745,"a":1},"2:1":{"r":0.29019609093666077,"g":0.6196078658103943,"b":1,"a":1}},"resolvedValuesByMode":{"2:0":{"resolvedValue":{"r":0.15923674404621124,"g":0.35155168175697327,"b":0.6400240659713745,"a":1},"alias":null},"2:1":{"resolvedValue":{"r":0.29019609093666077,"g":0.6196078658103943,"b":1,"a":1},"alias":null}},"scopes":["ALL_SCOPES"],"hiddenFromPublishing":false,"codeSyntax":{}},{"id":"VariableID:2:9","name":"tertiary","description":"Tertiary (ховер-эффекты)","type":"COLOR","valuesByMode":{"2:0":{"r":0.07450980693101883,"g":0.15294118225574493,"b":0.24705882370471954,"a":1},"2:1":{"r":0.10980392247438431,"g":0.22745098173618317,"b":0.3607843220233917,"a":1}},"resolvedValuesByMode":{"2:0":{"resolvedValue":{"r":0.07450980693101883,"g":0.15294118225574493,"b":0.24705882370471954,"a":1},"alias":null},"2:1":{"resolvedValue":{"r":0.10980392247438431,"g":0.22745098173618317,"b":0.3607843220233917,"a":1},"alias":null}},"scopes":["ALL_SCOPES"],"hiddenFromPublishing":false,"codeSyntax":{}},{"id":"VariableID:2:15","name":"text-primary","description":"Чистый текст","type":"COLOR","valuesByMode":{"2:0":{"r":0.12156862765550613,"g":0.13333334028720856,"b":0.1725490242242813,"a":1},"2:1":{"r":0.9411764740943909,"g":0.9490196108818054,"b":0.9607843160629272,"a":1}},"resolvedValuesByMode":{"2:0":{"resolvedValue":{"r":0.12156862765550613,"g":0.13333334028720856,"b":0.1725490242242813,"a":1},"alias":null},"2:1":{"resolvedValue":{"r":0.9411764740943909,"g":0.9490196108818054,"b":0.9607843160629272,"a":1},"alias":null}},"scopes":["ALL_SCOPES"],"hiddenFromPublishing":false,"codeSyntax":{}},{"id":"VariableID:2:16","name":"surface-1","description":"Background Page","type":"COLOR","valuesByMode":{"2:0":{"r":0.9621073007583618,"g":0.9637606143951416,"b":0.967942476272583,"a":1},"2:1":{"r":0.0784313753247261,"g":0.10980392247438431,"b":0.16078431904315948,"a":1}},"resolvedValuesByMode":{"2:0":{"resolvedValue":{"r":0.9621073007583618,"g":0.9637606143951416,"b":0.967942476272583,"a":1},"alias":null},"2:1":{"resolvedValue":{"r":0.0784313753247261,"g":0.10980392247438431,"b":0.16078431904315948,"a":1},"alias":null}},"scopes":["ALL_SCOPES"],"hiddenFromPublishing":false,"codeSyntax":{}},{"id":"VariableID:2:17","name":"surface-2","description":"Separators, Headers BG","type":"COLOR","valuesByMode":{"2:0":{"r":0.9058823585510254,"g":0.9176470637321472,"b":0.9372549057006836,"a":1},"2:1":{"r":0.058080513030290604,"g":0.08144166320562363,"b":0.11940354853868484,"a":1}},"resolvedValuesByMode":{"2:0":{"resolvedValue":{"r":0.9058823585510254,"g":0.9176470637321472,"b":0.9372549057006836,"a":1},"alias":null},"2:1":{"resolvedValue":{"r":0.058080513030290604,"g":0.08144166320562363,"b":0.11940354853868484,"a":1},"alias":null}},"scopes":["ALL_SCOPES"],"hiddenFromPublishing":false,"codeSyntax":{}},{"id":"VariableID:2:18","name":"border","description":"Glifs","type":"COLOR","valuesByMode":{"2:0":{"r":0.7490196228027344,"g":0.772549033164978,"b":0.8235294222831726,"a":1},"2:1":{"r":0.16470588743686676,"g":0.2078431397676468,"b":0.2705882489681244,"a":1}},"resolvedValuesByMode":{"2:0":{"resolvedValue":{"r":0.7490196228027344,"g":0.772549033164978,"b":0.8235294222831726,"a":1},"alias":null},"2:1":{"resolvedValue":{"r":0.16470588743686676,"g":0.2078431397676468,"b":0.2705882489681244,"a":1},"alias":null}},"scopes":["ALL_SCOPES"],"hiddenFromPublishing":false,"codeSyntax":{}},{"id":"VariableID:7:45","name":"text-secondary","description":"Icons","type":"COLOR","valuesByMode":{"2:0":{"r":0.529411792755127,"g":0.5960784554481506,"b":0.6784313917160034,"a":1},"2:1":{"r":0.5333333611488342,"g":0.6000000238418579,"b":0.6666666865348816,"a":1}},"resolvedValuesByMode":{"2:0":{"resolvedValue":{"r":0.529411792755127,"g":0.5960784554481506,"b":0.6784313917160034,"a":1},"alias":null},"2:1":{"resolvedValue":{"r":0.5333333611488342,"g":0.6000000238418579,"b":0.6666666865348816,"a":1},"alias":null}},"scopes":["ALL_SCOPES"],"hiddenFromPublishing":false,"codeSyntax":{}},{"id":"VariableID:7:46","name":"text-muted","description":"Фон карточек","type":"COLOR","valuesByMode":{"2:0":{"r":0.3333333432674408,"g":0.3960784375667572,"b":0.4745098054409027,"a":1},"2:1":{"r":0.3529411852359772,"g":0.41960784792900085,"b":0.49803921580314636,"a":1}},"resolvedValuesByMode":{"2:0":{"resolvedValue":{"r":0.3333333432674408,"g":0.3960784375667572,"b":0.4745098054409027,"a":1},"alias":null},"2:1":{"resolvedValue":{"r":0.3529411852359772,"g":0.41960784792900085,"b":0.49803921580314636,"a":1},"alias":null}},"scopes":["ALL_SCOPES"],"hiddenFromPublishing":false,"codeSyntax":{}},{"id":"VariableID:7:47","name":"text-tertiary","description":"Фон модальных окон","type":"COLOR","valuesByMode":{"2:0":{"r":0.1921568661928177,"g":0.239215686917305,"b":0.32549020648002625,"a":1},"2:1":{"r":0.40737104415893555,"g":0.5231475830078125,"b":0.6661658883094788,"a":1}},"resolvedValuesByMode":{"2:0":{"resolvedValue":{"r":0.1921568661928177,"g":0.239215686917305,"b":0.32549020648002625,"a":1},"alias":null},"2:1":{"resolvedValue":{"r":0.40737104415893555,"g":0.5231475830078125,"b":0.6661658883094788,"a":1},"alias":null}},"scopes":["ALL_SCOPES"],"hiddenFromPublishing":false,"codeSyntax":{}},{"id":"VariableID:7:48","name":"error","description":"Критические ошибки, алерты","type":"COLOR","valuesByMode":{"2:0":{"r":0.9368051290512085,"g":0.04583040624856949,"b":0.06067998707294464,"a":1},"2:1":{"r":0.8980392217636108,"g":0.2823529541492462,"b":0.3019607961177826,"a":1}},"resolvedValuesByMode":{"2:0":{"resolvedValue":{"r":0.9368051290512085,"g":0.04583040624856949,"b":0.06067998707294464,"a":1},"alias":null},"2:1":{"resolvedValue":{"r":0.8980392217636108,"g":0.2823529541492462,"b":0.3019607961177826,"a":1},"alias":null}},"scopes":["ALL_SCOPES"],"hiddenFromPublishing":false,"codeSyntax":{}},{"id":"VariableID:7:50","name":"warning","description":"Важные уведомления","type":"COLOR","valuesByMode":{"2:0":{"r":1,"g":0.7568627595901489,"b":0.027450980618596077,"a":1},"2:1":{"r":1,"g":0.7568627595901489,"b":0.027450980618596077,"a":1}},"resolvedValuesByMode":{"2:0":{"resolvedValue":{"r":1,"g":0.7568627595901489,"b":0.027450980618596077,"a":1},"alias":null},